CustomerKey,CityKey,Customer Last Name,Customer First Name,Phone
1234,1,Hughes,Lewis,504-870-1437
1235,2,Gomez,Ali,337-400-1567
1236,3,Beck,Mila,404-573-7088
1237,4,Juarez,Ryleigh,252-325-9603
1238,5,Preston,Leonidas,404-383-9724
1239,6,Jacobs,Hayden,803-792-7765
1240,7,Knox,Brooke,803-751-7655
1241,8,Rice,Diana,843-300-9863
1242,9,Valencia,Rosalie,251-513-6807
1243,8,Pierce,Andre,854-366-4240
1244,10,Olson,Walter,704-224-1745
1245,11,Malone,Nayeli,252-167-1010
1246,3,Holt,Thea,762-165-5617
1247,12,Briggs,Devin,938-502-6412
1248,1,Woodard,Destiny,337-892-3659
1249,1,Fuentes,Rylee,504-115-3308
1250,13,Shaffer,Luka,334-293-6399
1251,12,Berry,Colt,334-902-6908
1252,14,Klein,Madelynn,337-463-3000
1253,11,Landry,Edward,252-895-5007
1254,15,Weaver,Cash,256-407-8636
1254,17,Weaver,Cash,256-407-8636
1255,4,Solomon,Ronin,704-627-6050
1256,16,Benjamin,Frank,225-717-2529
1257,1,Herrera,Olive,337-845-7891
1258,4,Bryan,Noa,704-352-8652
1259,7,Cook,Collin,803-706-7526
1260,14,Thompson,Kane,504-935-9179
1261,15,Kane,James,305-528-6038
1261,17,Kane,James,305-528-6038
1262,15,Arias,Sawyer,386-385-4334
1262,17,Arias,Sawyer,386-385-4334
1263,7,Vincent,Isabelle,854-871-5836
1264,13,Quintana,Raya,256-640-7511
1265,15,Anderson,Kaiden,407-491-4268
1265,17,Anderson,Kaiden,407-491-4268
1266,18,Chan,Shiloh,252-445-8938
1267,19,Foster,Layla,470-368-9598
1268,8,Giles,Sarai,803-825-5390
1269,8,Morris,Kason,864-394-6124
1270,4,Avery,Aspen,704-961-9548
1271,18,Fitzgerald,Cade,704-692-1773
1272,3,Sharp,Collins,770-983-6849
1273,8,Richmond,Jayce,854-193-2426
1274,20,Hinton,Josiah,478-878-3125
1275,21,Morales,Helen,386-871-7450
1276,16,Mccormick,Alani,504-827-8657
1277,7,Winters,Francis,854-494-3191
1278,11,Ochoa,Wyatt,336-862-9245
1279,6,Rollins,Leah,843-274-3275
1280,22,Buck,Kane,754-799-5833
1281,9,Blevins,Madilyn,938-613-8539
1282,15,Parsons,Jared,305-894-1491
1282,17,Parsons,Jared,305-894-1491
1283,22,Flores,Jackson,407-688-1885
1284,23,Collier,Abigail,843-149-3897
1285,21,Harvey,Greyson,407-427-9592
1286,7,Hunter,Luca,864-873-9566
1287,13,Morris,Mariana,938-333-1465
1288,12,Mcdaniel,Eliza,938-968-8578
1289,8,Atkins,Molly,864-360-3309
1290,5,Maldonado,Arielle,770-992-9085
1291,12,Trevino,Demi,256-695-4589
1292,3,Collier,Mckenna,762-429-3050
1293,24,Baldwin,Adalynn,561-619-6756
1294,14,Silva,Preston,225-142-7647
1295,13,Watts,Bailey,256-115-8990
1296,13,Russell,Bentley,251-455-8883
1297,3,Harrington,Lillian,706-596-8375
1298,3,Fleming,Kayden,229-421-4345
1299,4,Hayden,Manuel,336-332-1148
1300,19,Nicholson,Hattie,706-191-7719
1301,7,Guerra,Legacy,843-538-5910
1302,14,Correa,Brantley,225-423-7010
1303,11,Carey,Rosie,704-267-9952
1304,15,Morales,Heaven,334-969-5546
1304,17,Morales,Heaven,334-969-5546
1305,6,Carroll,Chance,803-934-1834
1306,6,Bautista,Parker,843-485-2746
1307,12,Fox,Kamari,205-197-8253
1308,22,Wong,Emerson,754-152-9144
1309,15,Rubio,Tatum,561-615-2237
1309,17,Rubio,Tatum,561-615-2237
1310,20,Sanchez,Sarai,762-332-5145
1311,12,Dean,Gunner,251-702-5287
1312,18,Pham,Willa,252-345-9019
1313,25,Mata,Cooper,706-211-2458
1314,22,Mason,Jude,754-705-2884
1315,10,Woodard,Ari,704-221-4952
1316,11,Watson,Alessandra,704-319-3146
1317,2,Coleman,Callen,337-344-3026
1318,12,Clay,Aria,251-347-4163
1319,15,Truong,Nina,256-114-3476
1319,17,Truong,Nina,256-114-3476
1320,16,Saunders,Freya,337-841-1244
1321,10,Ballard,Amir,252-661-6167
1322,26,Weber,Harvey,321-364-3389
1323,16,Delarosa,Joaquin,337-905-5863
1324,8,Gallagher,Adaline,864-621-2842
1325,4,Rosales,Legacy,704-937-5130
1326,15,Luna,Denver,334-210-5989
1326,17,Luna,Denver,334-210-5989
1327,9,Jaramillo,Emanuel,251-765-8295
1328,23,Crawford,Hugo,843-339-6954
1329,9,Austin,Margaret,334-584-4401
1330,14,Weiss,Raphael,504-294-9183
1331,23,Cardenas,Myles,854-170-4209
1332,18,Cruz,Alexis,336-871-8482
1333,18,Mcbride,Ellis,704-614-4811
1334,12,Singh,Zuri,251-801-1620
1335,4,Winters,Annie,336-759-3682
1336,11,Garcia,Dakota,252-970-3343
1337,19,Mcbride,Luke,470-430-7312
1338,19,Frye,Jasiah,770-915-3336
1339,11,Xiong,Selah,704-858-8075
1340,10,Pearson,Amira,336-460-2851
1341,8,Castaneda,Rylee,854-879-7898
1342,19,Jarvis,Adelina,404-576-2929
1343,14,Fields,Adelynn,318-568-1897
1344,16,Keller,Miguel,318-337-7456
1345,6,Rosales,Clara,864-146-4544
1346,10,Ali,Ronin,252-857-6234
1347,16,Bartlett,Joshua,318-515-5480
1348,14,Gallagher,Kate,318-486-2375
1349,1,Flynn,Daphne,504-471-2277
1350,15,Maldonado,Elise,256-982-5039
1350,17,Maldonado,Elise,256-982-5039
1351,20,Townsend,Charles,706-978-4856
1352,27,Pollard,Rory,407-334-8753
1353,14,Clark,Zion,504-837-6216
1354,8,Randolph,Joaquin,803-532-4843
1355,5,Guerra,Edgar,404-607-5773
1356,3,Johnston,Ace,478-432-9796
1357,12,Kemp,Amy,256-386-3628
1358,27,Berger,Avianna,754-913-3408
1359,8,Hogan,Bryce,843-285-5632
1360,9,Castaneda,Princeton,205-658-9642
1361,7,Griffin,Isabella,864-671-5682
1362,4,Costa,Charlie,704-615-8587
1363,23,Schmitt,Aliyah,803-268-2931
1364,10,Holloway,Raven,336-550-7982
1365,10,Kirby,Malik,704-809-1091
1366,19,Schwartz,Kylo,470-500-9965
1367,10,Salazar,Jeremy,336-776-4613
1368,8,Bartlett,Oscar,803-813-6691
1369,7,Montgomery,Harvey,803-494-1354
1370,16,Vo,Kai,337-215-1993
1371,1,Velazquez,Nico,318-239-2742
1372,2,Vasquez,Lucy,225-596-2271
1373,7,Shepherd,Charli,803-980-5972
1374,4,Meyer,Evie,336-483-2616
1375,18,Powell,Brooke,252-307-7150
1376,2,Walton,Erick,504-246-5040
1377,21,Guzman,Emery,754-636-8780
1378,7,Rose,Annabelle,864-778-3052
1379,12,Schmidt,Spencer,334-553-7959
1380,9,Walter,Callie,938-978-7898
1381,15,Chavez,Cecilia,205-873-8703
1381,17,Chavez,Cecilia,205-873-8703
1382,16,Blackwell,Finley,504-772-7986
1383,11,Johnston,Faith,252-321-3512
1384,14,Solis,Mary,337-911-9878
1385,7,Jacobs,Abel,854-298-5958
1386,22,Acevedo,Lewis,561-900-6004
1387,16,Keller,Annalise,318-605-1136
1388,10,Cohen,London,704-870-6220
1389,23,Espinosa,Myla,864-158-1152
1390,24,Watts,Dakota,727-732-5434
1391,2,Thornton,Bodie,225-429-2694
1392,1,Hunter,Abigail,225-878-3673
1393,13,Ross,Delilah,334-997-6666
1394,15,Mckay,Serena,561-778-3179
1394,17,Mckay,Serena,561-778-3179
1395,1,Rubio,Asher,337-723-5323
1396,18,Galindo,Shiloh,336-539-8428
1397,14,Aguilar,Veronica,225-269-9855
1398,15,Mahoney,Selah,205-193-2529
1398,17,Mahoney,Selah,205-193-2529
1399,4,Reed,Jayden,704-463-5025
1400,15,Carpenter,Jordan,938-776-1366
1400,17,Carpenter,Jordan,938-776-1366
1401,9,Stokes,Jace,334-451-9689
1402,13,Barrera,Ari,256-634-8186
1403,18,Pitts,Michelle,252-831-3847
1404,4,Christian,Brantley,704-761-6415
1405,9,Mccall,Saylor,251-150-8132
1406,27,Martinez,Samantha,305-589-6539
1407,24,Acosta,Willa,407-828-7268
1408,19,Jaramillo,Camilla,470-268-9113
1409,21,Rivers,Devin,727-237-8862
1410,12,Hoffman,Melissa,938-569-9607
1411,11,Horn,Mabel,252-712-9419
1412,10,Schmitt,Daniela,704-156-6076
1413,16,Bradshaw,Dax,337-161-8135
1414,20,Boone,Aitana,770-251-3007
1415,1,Roy,Patrick,225-212-6224
1416,15,Mccarthy,Calvin,561-501-6834
1416,17,Mccarthy,Calvin,561-501-6834
1417,15,Everett,Lyra,938-570-3964
1417,17,Everett,Lyra,938-570-3964
1418,4,Alvarado,Zayn,704-946-9515
1419,2,Lynch,Xander,504-203-6033
1420,22,Escobar,Declan,321-959-7129
1421,8,Fisher,Zara,864-215-9371
1422,9,Gould,Lyra,334-980-4230
1423,21,Contreras,Addison,321-637-1625
1424,3,Burke,Charles,229-936-3366
1425,8,Owens,Maximus,864-588-6242
1426,2,Foster,Sadie,225-806-4595
1427,4,Carpenter,Sloane,704-789-3017
1428,22,Reyna,Heidi,305-366-3197
1429,6,Weaver,Hallie,864-793-6596
1430,15,Jensen,Jason,407-628-5163
1430,17,Jensen,Jason,407-628-5163
1431,24,Ayala,Elaina,727-741-2410
1432,1,Walton,Genevieve,504-600-9043
1433,5,Kirk,Mathias,678-334-6067
1434,18,Terrell,Isabelle,704-166-8110
1435,26,Norris,Kobe,407-656-9924
1436,11,Huerta,Avianna,336-455-8999
1437,10,Hail,Raymond,704-486-3490
1438,15,Bauer,Melanie,938-422-2143
1438,17,Bauer,Melanie,938-422-2143
1439,9,English,Jordan,251-623-9054
1440,9,Allen,Dakota,334-396-2542
1441,23,Benson,Victor,854-900-8198
1442,8,Blankenship,Gabriel,854-724-1788
1443,6,Cunningham,Julia,864-622-4902
1444,13,Cantu,Callen,205-726-1026
1445,23,Stewart,Nylah,803-481-3507
1446,14,Rich,Paul,225-554-4336
1447,12,Monroe,Marco,256-473-6334
1448,20,Cherry,Diego,478-319-1016
1449,15,Mitchell,Ailani,561-641-2896
1449,17,Mitchell,Ailani,561-641-2896
1450,12,Dunlap,Amira,251-720-8281
1451,27,Thornton,Alaina,407-851-5568
1452,8,Baker,King,843-221-5511
1453,16,Sierra,Dante,318-571-2235
1454,11,Griffith,Kashton,252-341-2464
1455,16,James,Madison,318-132-6386
1456,15,Miles,Lewis,727-181-3148
1456,17,Miles,Lewis,727-181-3148
1457,7,Booth,Karter,864-916-1956
1458,6,Jordan,Fernando,854-652-6913
1459,24,Baker,Marley,561-724-3348
1460,23,Sanders,Lukas,864-971-4850
1461,20,Orozco,River,404-616-9690
1462,10,Nuñez,Mackenzie,704-380-6179
1463,23,Dixon,Stevie,864-163-7343
1464,2,Spencer,Rosemary,225-371-1402
1465,15,Ellison,Zayn,334-265-4681
1465,17,Ellison,Zayn,334-265-4681
1466,1,Santiago,Kobe,504-474-4213
1467,23,Bean,Cataleya,843-257-7659
1468,11,Blevins,Collin,336-656-5966
1469,13,Jordan,Daisy,334-331-5477
1470,20,Burton,Grady,706-437-3474
1471,18,Jacobs,Thomas,704-387-8139
1472,7,Garza,Natalia,843-768-4141
1473,5,Newman,Celine,404-432-2655
1474,11,Robbins,Alex,704-458-6503
1475,23,Sexton,Meadow,843-390-9952
1476,3,Ponce,Lucille,706-506-3840
1477,20,Gonzales,Cairo,229-704-4282
1478,5,Mejia,Desmond,678-935-1186
1479,4,Foster,Joy,704-902-2619
1480,8,Bowers,Elaina,864-151-9722
1481,16,Frazier,Ella,337-857-2045
1482,22,Sparks,Christian,407-274-5141
1483,16,Villarreal,Damian,318-786-1226
1484,4,Acevedo,King,336-554-4411
1485,9,Lozano,Lorenzo,938-628-3090
1486,26,Mcpherson,Tucker,321-745-5284
1487,9,Blankenship,Jade,334-488-9125
1488,24,Riley,Amaya,386-103-4090
1489,15,Bruce,Adan,352-710-8322
1489,17,Bruce,Adan,352-710-8322
1490,26,Williams,Alessandra,561-980-9407
1491,19,Weiss,Gideon,470-368-8986
1492,23,Bowen,Ryker,854-139-5048
1493,11,Dorsey,Callen,336-480-6045
1494,25,Hartman,Manuel,770-633-3508
1495,15,Coleman,Brian,938-108-6497
1495,17,Coleman,Brian,938-108-6497
1496,1,Huang,Amanda,225-394-4236
1497,25,Jacobs,Marlee,404-765-3592
1498,2,Mcpherson,Xiomara,225-502-7769
1499,23,Blevins,Logan,864-963-4216
1500,3,Kaur,Athena,762-875-5296
1501,16,Conley,Elsie,337-118-3686
1502,25,Kramer,Emersyn,706-416-7339
1503,15,Crosby,Talia,334-923-7411
1503,17,Crosby,Talia,334-923-7411
1504,8,Carson,Charli,864-311-1974
1505,16,Duran,Emilia,225-548-2068
1506,20,Velasquez,Collin,478-591-5458
1507,13,Booker,Elise,251-323-5297
1508,8,Sharp,Austin,864-964-4538
1509,4,Harding,Walter,252-104-3358
1510,20,Lowery,Isabelle,229-493-9327
1511,14,Huang,Lexi,225-520-1621
1512,4,Byrd,Charlotte,336-878-5669
1513,12,Peters,Selah,334-186-7193
1514,26,Estes,Genesis,386-688-3789
1515,15,Dodson,Noah,205-629-1825
1515,17,Dodson,Noah,205-629-1825
1516,24,Chandler,Gideon,305-402-3232
1517,25,Kane,Nolan,706-469-6200
1518,12,Logan,Kimberly,334-837-5471
1519,13,Beil,Kaleb,256-491-1729
1520,27,Gibbs,Patrick,561-880-2789
1521,13,Gallagher,Lennox,256-917-6934
1522,18,Landry,Liam,336-656-3896
1523,16,Horn,Damien,504-557-1253
1524,12,Black,Kimberly,938-515-8876
1525,19,Donovan,Denver,470-900-7087
1526,6,Hunter,Luna,843-688-2604
1527,5,Stanton,Piper,770-397-9098
1528,16,Bartlett,Manuel,225-154-9162
1529,22,Nolan,Cooper,727-675-7942
1530,25,Strong,Oaklee,229-875-4957
1531,27,Sellers,Gael,727-503-1667
1532,25,Prince,Willa,404-685-9995
1533,15,Flowers,Killian,334-947-9086
1533,17,Flowers,Killian,334-947-9086
1534,26,Henry,Cora,407-427-7681
1535,6,Nash,Hayden,854-538-9896
1536,13,Waller,Emerson,938-966-7517
1537,22,Mahoney,Collins,754-241-2940
1538,3,Tate,Cora,404-169-5544
1539,8,Peña,Malachi,854-480-3073
1540,8,Daniels,Lilith,843-672-6867
1541,23,Rivers,Kylo,854-334-3623
1542,26,Gates,Braxton,352-788-2734
1543,21,Erickson,Andre,386-628-9337
1544,4,Chan,Cassidy,704-690-6065
1545,13,Odom,Annalise,938-985-8493
1546,27,Kelly,Gregory,727-961-1885
1547,8,Wagner,Archer,803-339-6906
1548,2,Kennedy,Hayden,225-331-5343
1549,11,Mccall,Weston,704-112-1651
1550,19,Case,Alana,678-500-5098
1551,15,Castillo,Milani,938-748-2143
1551,17,Castillo,Milani,938-748-2143
1552,12,Torres,Karson,334-975-4974
1553,15,Mitchell,Everett,727-109-4133
1553,17,Mitchell,Everett,727-109-4133
1554,21,Singh,Paxton,561-808-5116
1555,21,Parra,Kingston,386-596-3121
1556,20,Russo,Olivia,404-722-5671
1557,5,Mathews,Kendall,770-143-1560
1558,26,Tapia,Devin,321-561-8510
1559,15,Roberson,Fiona,256-870-2790
1559,17,Roberson,Fiona,256-870-2790
1560,11,Patrick,Brinley,252-826-6354
1561,11,Macdonald,Angelina,252-797-9465
1562,13,Hester,Alora,256-169-4098
1563,1,Levy,Aspen,504-705-7613
1564,20,Santana,Clark,706-850-4514
1565,14,Deleon,Daleyza,225-757-9411
1566,9,Harrell,Esteban,334-232-9334
1567,20,Ashley,Zaire,404-676-5412
1568,24,Miranda,Diego,305-610-8578
1569,21,Potter,Niko,407-817-5947
1570,12,Wilkins,Maximus,205-867-1993
1571,13,Watts,Paris,938-384-1109
1572,11,Hammond,Rosie,704-845-2027
1573,18,Pham,Mackenzie,336-826-2568
1574,16,Keller,Aylin,318-586-9597
1575,12,Nuñez,Juliana,334-568-8270
1576,19,Ramirez,Robert,678-187-1017
1577,3,Reeves,Ezequiel,229-513-9015
1578,13,Escobar,Dahlia,256-198-3891
1579,22,Sanchez,Maya,386-936-9940
1580,1,Cardenas,Ayla,337-633-3264
1581,19,Wilson,Santiago,478-267-9974
1582,14,Blevins,Alejandro,337-225-6865
1583,10,Leon,Elliott,336-770-7844
1584,19,Cooper,Nasir,762-307-5123
1585,25,Norman,Calvin,404-733-8581
1586,6,Cherry,Aspen,854-213-1708
1587,21,Ellis,Esme,321-930-6461
1588,20,Vega,Blake,762-827-9216
1589,16,English,Oakley,337-121-7363
1590,15,Costa,Brynlee,938-441-7664
1590,17,Costa,Brynlee,938-441-7664
1591,16,Francis,Amir,337-975-8730
1592,7,Wallace,Reid,854-523-8540
1593,1,Johnston,Rebecca,504-220-9979
1594,6,Palmer,Zuri,843-296-5793
1595,13,Piñeda,Kyler,938-718-5523
1596,16,Barrera,Lennox,225-255-5031
1597,12,English,Holden,256-491-2269
1598,15,Stafford,Elaina,407-617-8128
1598,17,Stafford,Elaina,407-617-8128
1599,20,Smith,Ari,770-592-1227
1600,23,James,Parker,864-561-1954
1601,2,Hancock,Norah,504-489-8071
1602,13,Coleman,Ruby,205-940-8328
1603,15,Boyle,Morgan,334-680-6940
1603,17,Boyle,Morgan,334-680-6940
1604,9,Whitehead,Ayla,334-527-8316
1605,9,Bernal,Koa,256-448-8037
1606,16,Walsh,Patrick,337-138-6118
1607,19,Portillo,Logan,770-266-7082
1608,4,Torres,Jensen,252-347-2611
1609,1,Kline,Lana,225-750-5221
1610,1,Ahmed,Milani,318-506-8747
1611,13,Weber,Laura,938-647-2578
1612,6,Conner,Arthur,843-639-6842
1613,8,Reeves,Jayden,803-164-1196
1614,15,Ávila,Karson,205-917-3504
1614,17,Ávila,Karson,205-917-3504
1373,6,Shepherd,Charli,803-759-6965
1615,15,Peterson,Armani,251-839-7995
1615,17,Peterson,Armani,251-839-7995
1616,24,Oliver,Hattie,727-988-4280
1617,18,Barajas,Teagan,336-137-4969
1618,18,Duran,Amara,704-804-4740
1619,12,Poole,Damian,938-989-4105
1620,21,Harvey,Lane,754-330-2387
1621,18,Campbell,Angela,704-359-9658
1622,11,Stuart,Molly,704-974-7317
1623,7,Blackwell,Adalynn,864-126-1425
1624,19,Burgess,Alexandria,762-424-8114
1625,14,Barajas,Avery,337-888-7505
1626,11,Frost,Judah,704-820-9567
1627,5,Krueger,Kaia,229-514-4270
1628,4,Trejo,Josephine,704-202-7929
1629,12,Bentley,Abel,938-462-9725
1630,15,Flowers,Kali,256-312-8410
1630,17,Flowers,Kali,256-312-8410
1631,13,Elliott,Cooper,938-373-9655
1632,9,Combs,Grady,334-705-7364
1633,6,Landry,Dream,864-859-9500
1634,14,Haley,Nathan,318-924-8097
1635,16,Soto,Rory,318-766-5900
1636,24,Pierce,Bianca,727-130-9634
1637,9,Cisneros,Garrett,256-797-9793
1638,4,Zimmerman,Kaleb,704-208-1552
1639,8,Hahn,Stevie,803-467-7465
1640,18,Gibson,Romeo,704-411-4162
1641,20,Rodriguez,August,678-499-5631
1642,2,Wilkinson,Maeve,318-597-2593
1643,3,Combs,Alonzo,678-127-4156
1644,6,Archer,Layla,854-660-1512
1645,5,Rocha,Londyn,470-615-7868
1646,27,Berry,Miracle,321-898-3020
1647,2,Mcintosh,Luna,225-806-6843
1648,18,Daugherty,Noelle,252-524-9165
1649,2,Newton,Alessia,318-606-5391
1650,23,Livingston,Chloe,803-153-4686
1651,10,Stanley,Maxwell,336-226-4786
1652,23,Hunter,Leon,803-896-7715
1653,15,Shepherd,Hayden,334-316-7650
1653,17,Shepherd,Hayden,334-316-7650
1654,3,Serrano,Nora,404-638-5124
1655,13,Fletcher,Lyra,251-523-6030
1656,10,Santiago,Charli,252-289-8846
1657,5,Leal,Enzo,678-403-1165
1658,6,Fitzgerald,Brooke,843-107-5088
1659,14,Robertson,Finn,318-820-1603
1660,27,Goodwin,Brody,754-582-4530
1661,9,Nuñez,Kyle,938-168-6681
1662,27,Weber,Lennox,321-650-6528
1663,8,Maynard,Chloe,843-353-4502
1664,27,Beil,Jasper,407-324-9930
1665,2,Lee,Colin,225-397-7460
1666,15,Sandoval,Kash,938-657-6758
1666,17,Sandoval,Kash,938-657-6758
1667,25,Wolfe,Amari,770-167-5174
1668,8,Molina,Gideon,864-762-7726
1669,19,Walton,Rosie,706-246-5598
1670,25,Rush,Heidi,762-715-3811
1671,12,Harrison,Alison,334-469-6822
1672,13,Anderson,Santino,205-459-1238
1673,11,Henderson,Armani,336-481-9856
1674,27,Dawson,Ismael,321-319-6551
1675,9,Porter,Felix,334-459-6751
1676,23,Singleton,Bradley,803-335-2097
1677,24,Castro,Gregory,352-281-5957
1678,10,Riley,Brooklynn,336-577-6408
1679,12,Kim,Ari,251-287-4852
1680,12,Guerra,Briella,334-882-8091
1681,25,Fischer,Jeremiah,770-810-2944
1682,20,Collins,Alaya,404-548-4320
1683,18,Small,Ada,336-253-8171
1684,20,Perez,Aylin,706-330-2908
1685,11,Greene,Chance,336-845-3118
1686,10,Ballard,Rylie,704-898-8882
1687,16,Nguyen,Kimberly,337-940-4275
1688,16,Alfaro,Kobe,225-565-2265
1689,19,Hensley,Sienna,706-315-6225
1690,16,Stevenson,Landon,318-236-2597
1691,12,Pruitt,Jax,251-287-3822
1692,10,Best,Aubrey,704-369-1493
1693,6,Barrett,Emanuel,803-987-4384
1694,9,Sandoval,Santiago,251-689-6217
1695,15,Kaur,Matteo,407-106-9412
1695,17,Kaur,Matteo,407-106-9412
1696,27,Barker,Richard,407-750-7414
1697,3,Porter,Frances,478-857-6459
1698,14,Brown,Isabel,225-379-7518
1699,15,Strickland,Stephanie,305-314-4156
1699,17,Strickland,Stephanie,305-314-4156
1700,1,Nash,Callie,318-537-6882
1701,8,Brandt,Legacy,864-215-2519
1702,3,Durham,William,762-127-4412
1703,3,Myers,Morgan,229-964-6482
1704,13,Brewer,Aubrey,251-158-5616
1705,18,Lucas,Rory,252-685-7265
1706,11,Mercado,Leonel,336-229-5554
1707,3,Bates,Anya,470-184-6202
1708,2,Livingston,Annie,337-180-2520
1709,16,Sweeney,Willa,337-174-8040
1710,4,Hail,Jeremiah,336-603-9508
1711,1,Case,Valeria,337-910-1025
1712,6,Frazier,Genesis,864-253-1598
1713,13,Enriquez,Asa,938-173-9808
1714,20,Ayers,Amaya,770-277-1598
1715,3,Ramsey,Hank,478-920-5969
1716,25,Dixon,Kylo,678-278-5583
1717,9,Kent,Kaia,205-947-9669
1718,11,Castro,Nico,252-294-3877
1719,19,Richardson,Marlee,678-528-5931
1720,24,Escobar,Madelyn,321-981-3983
1721,11,Carpenter,Bodie,336-538-6177
1722,20,Mclean,Thea,678-700-8047
1723,7,Duncan,Maryam,854-525-6737
1724,22,Reed,Haven,727-411-2835
1725,15,Montgomery,Eden,938-608-6573
1725,17,Montgomery,Eden,938-608-6573
1726,20,Esquivel,Matias,229-999-9189
1727,5,Murray,Kyson,470-693-7709
1728,19,Joseph,Fernanda,770-681-3044
1729,13,Rich,Brooklynn,334-351-9093
1730,6,Weiss,Ivan,854-890-6472
1731,7,Burgess,Dominic,864-862-8328
1732,18,Horn,Renata,336-224-1198
1733,2,Yu,Briggs,504-173-4813
1734,9,Huynh,Sarah,205-330-7772
1735,15,Berger,Jason,727-951-1020
1735,17,Berger,Jason,727-951-1020
1736,27,Wong,Sage,407-835-8649
1737,1,Silva,Beau,318-111-9435
1738,6,Lin,Stevie,864-897-7675
1739,26,Beard,Garrett,321-957-8309
1740,6,Ramsey,Leland,843-486-9046
1741,18,Fletcher,Maximus,252-357-2172
1742,5,Frank,Camilo,706-305-1208
1743,13,Wong,Zyaire,256-830-8805
1744,14,Shields,Eduardo,225-902-1099
1745,16,Zuniga,Edwin,318-753-2896
1746,27,Wong,Julian,386-275-9456
1747,15,Pacheco,Erick,305-690-5158
1747,17,Pacheco,Erick,305-690-5158
1748,15,Donovan,Austin,256-816-7678
1748,17,Donovan,Austin,256-816-7678
1749,15,Manning,Blake,407-284-5073
1749,17,Manning,Blake,407-284-5073
1750,14,Ochoa,Connor,337-606-9612
1751,14,Kramer,Xander,318-157-3849
1752,8,Sandoval,Raelynn,843-252-1719
1753,18,Hess,Ronin,336-393-5020
1754,8,Gregory,Kairo,803-161-3475
1755,9,Randolph,Pablo,205-808-2586
1756,23,Kaur,Frederick,843-452-9153
1757,14,Skinner,William,225-702-1136
1758,1,Bennett,Josue,225-837-2680
1759,26,Carter,Brian,754-635-4815
1760,8,Hamilton,Asher,864-604-1783
1761,27,Velazquez,Dawson,561-200-8978
1762,15,Russell,Elle,561-132-2166
1762,17,Russell,Elle,561-132-2166
1763,10,Case,Jeremiah,336-725-1406
1764,10,Combs,Alison,704-144-1654
1765,1,Medina,Cooper,225-429-5431
1766,12,Jimenez,Kamila,205-977-1890
1767,26,Sexton,Penelope,386-708-8152
1768,27,Singh,Asa,561-196-6272
1769,14,Valentine,Koda,337-269-5898
1770,15,Chang,Esmeralda,205-920-6180
1770,17,Chang,Esmeralda,205-920-6180
1771,23,Crosby,Alayna,843-126-4685
1772,8,Herrera,Collins,864-333-3005
1773,5,Orozco,Judah,470-310-7745
1774,15,Hahn,Koda,205-173-6160
1774,17,Hahn,Koda,205-173-6160
1775,7,Haley,Haisley,803-384-5193
1776,5,Stephens,Taylor,470-630-7541
1777,1,Odom,Addison,504-268-3804
1778,23,Delacruz,Zayne,843-104-5802
1779,20,Alvarez,Seth,770-339-9653
1780,4,Gross,Gianna,252-418-2870
1781,22,Pitts,Isaiah,321-369-8723
1782,12,Pearson,Isabella,205-404-3654
1783,13,Ellis,Bo,256-793-2797
1784,12,Little,Adan,938-842-7713
1785,22,Townsend,Baker,727-666-4627
1786,12,Travis,Micah,256-422-6102
1787,21,Frazier,Atticus,561-284-6616
1788,8,Rowland,Gavin,864-551-4704
1789,18,Wheeler,Sullivan,704-957-3923
1790,13,Kline,Emmett,205-618-4293
1791,6,Padilla,Raymond,843-987-1399
1792,20,Sims,Selena,762-791-4031
1793,4,Palacios,Luna,704-324-2675
1794,21,Hall,Fernando,386-722-2695
1795,8,Barron,Rhys,843-945-5277
1796,10,Rocha,Alicia,252-598-9194
1797,6,O’Connell,Amir,854-281-4986
1798,9,Buck,Evelynn,251-909-2631
1799,4,Carroll,Braxton,704-124-1673
1800,21,Reyna,Greyson,754-205-1404
1801,24,Snow,Xiomara,727-176-8576
1802,15,Elliott,Stevie,205-459-4637
1802,17,Elliott,Stevie,205-459-4637
1803,4,White,Lila,252-224-1233
1804,2,Gross,Theo,318-824-4433
1805,18,Maynard,Shiloh,704-868-3478
1806,23,Mayer,Steven,843-913-3004
1807,11,Ponce,Nadia,336-528-7578
1808,1,Greer,Hayden,318-330-6482
1809,20,Pearson,Bo,404-408-4149
1810,7,Rush,Sydney,843-175-1710
1811,14,Wise,Aspen,504-114-1265
1812,24,Ramirez,Ava,754-648-9630
1813,9,Mathis,Damon,334-771-5728
1814,18,Preston,Francis,704-461-2506
1815,23,Vaughan,Leila,843-384-1105
1816,26,Hanna,Rowan,386-930-8770
1817,11,Henson,Vivian,252-795-8904
1818,14,Clayton,Brody,318-242-1762
1819,22,Barajas,Ali,727-477-8763
1820,24,Carr,Madelynn,561-383-2273
1821,1,Buck,Julian,318-165-5202
1822,11,Owens,Josephine,336-657-5547
1823,21,Arellano,Jonathan,754-919-6356
1824,23,Dennis,Judah,843-722-5434
1825,1,Walsh,Alijah,504-736-7280
1826,23,Conrad,Sebastian,854-136-2359
1827,11,Kerr,Summer,252-136-2479
1828,4,Mcintyre,June,336-617-6352
1829,16,Mathis,Greyson,225-446-1324
1830,11,Scott,Bodie,704-529-7730
1831,14,Cordova,Russell,225-382-3693
1832,6,Johns,Payton,803-579-3125
1833,1,Roth,Titus,318-832-3328
1834,9,Schneider,Alessandra,251-199-7794
1835,7,Gill,Phoenix,864-287-4329
1836,15,Lucas,Amanda,386-663-6220
1836,17,Lucas,Amanda,386-663-6220
1837,14,Ferguson,Frances,504-470-4401
1838,24,Craig,Abel,727-166-4203
1839,1,Flowers,Briella,225-977-4537
1840,13,Gonzalez,Camilla,256-623-2667
1841,4,Lane,Kash,252-823-5730
1842,22,Henry,Maria,352-527-7659
1843,16,Huffman,Shiloh,504-689-2806
1844,5,Curry,Micah,229-873-8373
1845,16,Magana,Kyrie,337-480-5028
1846,18,Shepherd,Selah,252-164-3855
1847,13,Schroeder,Destiny,205-797-3551
1848,24,Quintana,Dylan,321-807-1964
1849,23,Love,Elsie,864-103-8484
1850,2,Ellison,Frederick,504-233-3521
1851,4,Henderson,Marley,252-590-2161
1852,1,Lane,Abraham,225-212-1312
1853,4,Duncan,Bailey,336-826-5314
1854,5,Cherry,Emily,678-453-8121
1855,2,Pugh,Gracelyn,337-996-9888
1856,21,Middleton,Jesse,386-144-6239
1857,23,Hubbard,Kyle,803-650-8440
1858,24,Barber,Marcus,305-635-4215
1859,12,Montes,Catalina,251-928-4371
1860,25,Curry,Nadia,678-353-5737
1861,8,Rowe,Trinity,843-641-7558
1862,16,Adkins,Sullivan,337-629-6590
1863,4,Cole,Ian,336-414-9242
1864,9,Page,Cairo,256-396-6521
1865,16,Quintero,Emersyn,504-661-9205
1866,21,Huff,Edgar,754-976-8177
1867,21,Stevenson,Kyler,321-221-4860
1868,5,Ryan,Maisie,706-898-6342
1869,6,Tanner,Noa,843-670-2427
1870,27,Simpson,Alexandra,386-736-9562
1871,16,Russell,Kora,225-135-7639
1872,15,Colón,Samara,938-205-6938
1872,17,Colón,Samara,938-205-6938
1873,13,Singh,Joaquin,251-617-1680
1874,2,Hoffman,Joy,337-469-6243
1875,5,Martin,Gabriel,762-402-6014
1876,18,Tucker,Patrick,252-883-4036
1877,5,Mullins,Regina,706-269-7375
1878,4,Norris,Hayes,704-216-4815
1879,16,Best,Kaylee,318-394-7264
1880,3,Mcgee,Brooklynn,478-929-6347
1881,15,Rose,Zaire,386-995-7802
1881,17,Rose,Zaire,386-995-7802
1882,10,Novak,Wade,252-375-8068
1883,25,Haley,Sonny,762-667-5416
1884,23,Solis,Jonathan,803-894-1123
1885,10,Powell,Katherine,704-562-2507
1886,7,Roth,Ximena,854-365-6608
1887,22,Matthews,Stetson,352-893-3107
1888,5,Gray,Adelina,470-144-6043
1889,1,Rosario,Casey,504-405-7938
1890,27,Fuentes,Sutton,727-274-3716
1891,23,Steele,Briella,843-648-4248
1892,9,Patton,Allie,938-678-9310
1893,13,Guerra,Ryker,205-285-5662
1894,11,Mora,Abigail,336-991-7839
1895,15,Hanson,Kayla,334-689-3954
1895,17,Hanson,Kayla,334-689-3954
1896,22,Barnes,Naomi,321-601-3139
1897,15,Carson,Sullivan,561-687-5689
1897,17,Carson,Sullivan,561-687-5689
1898,10,Larson,Jasmine,252-593-5861
1899,20,Sutton,Cataleya,478-939-4300
1900,26,Velazquez,Georgia,352-851-1079
1901,7,Hall,Sterling,864-575-4762
1902,27,Wong,Makayla,305-797-4109
1903,27,Anderson,Ailani,561-554-3302
1904,1,Griffin,Ariana,504-512-9506
1905,3,Wheeler,Warren,678-316-6695
1906,19,Enriquez,Shiloh,770-998-9915
1907,15,Walker,Saige,256-165-8840
1907,17,Walker,Saige,256-165-8840
1908,15,Solis,Kaleb,251-872-4537
1908,17,Solis,Kaleb,251-872-4537
1909,6,Holt,London,803-755-8808
1910,15,French,Genesis,407-954-3529
1910,17,French,Genesis,407-954-3529
1911,6,Arias,Sonny,854-808-9332
1912,15,Frazier,Sutton,205-403-9294
1912,17,Frazier,Sutton,205-403-9294
1913,6,Hodge,Luke,803-706-6500
1914,7,Richardson,Banks,864-692-6346
1915,15,Hudson,Shiloh,727-219-8736
1915,17,Hudson,Shiloh,727-219-8736
1916,3,Cooper,Aisha,470-307-4008
1917,16,Fleming,Jacob,504-730-4312
1918,6,Velez,Navy,803-867-8978
1919,11,Schultz,Lilly,252-935-1384
1920,5,Rhodes,Evelyn,706-246-9292
1921,18,Roy,Arya,252-884-9501
1922,1,Bernal,Fernando,225-239-2623
1923,8,Cantrell,Sophia,854-275-6253
1924,16,Holt,Rebecca,318-295-7047
1925,9,Quinn,George,938-757-2807
1926,5,Stewart,Rhett,706-297-1648
1927,24,Ward,Amelia,561-710-5653
1928,25,Payne,Zion,478-689-4945
1929,4,Ortiz,Gracie,336-689-1719
1930,9,Becker,Eden,251-375-2243
1931,11,Nash,Jaxon,704-693-9792
1932,9,Anderson,Kade,251-975-6231
1933,25,Cherry,Ian,770-398-7356
1934,10,Glass,Timothy,336-436-7744
1935,7,Thomas,Sadie,843-346-4340
1936,1,Quinn,Steven,504-143-3113
1937,15,Petersen,Elliot,205-228-6315
1937,17,Petersen,Elliot,205-228-6315
1938,15,Lu,Sergio,256-229-7261
1938,17,Lu,Sergio,256-229-7261
1939,7,Brooks,Zara,864-525-5640
1940,12,Odom,Xander,938-821-8963
1941,16,Randall,Miguel,337-512-2338
1942,22,Potts,Walter,305-347-2075
1943,24,Herman,Walter,386-787-4494
1944,26,Estes,Eduardo,352-997-4732
1945,19,Daugherty,Samara,770-313-8047
1946,23,Gillespie,Allison,854-697-3379
1947,14,Harrington,Emersyn,225-369-3916
1948,12,Ingram,Arya,334-991-7384
1949,21,Reyes,Aaliyah,754-154-5597
1950,15,George,Mary,256-794-6687
1950,17,George,Mary,256-794-6687
1951,13,Greer,Elian,938-844-1456
1952,19,Phillips,Frederick,770-547-1764
1953,27,Velazquez,Rhys,305-646-3846
1954,16,Cardenas,Michelle,225-454-3803
1955,1,Vaughan,Autumn,225-363-8643
1956,20,Charles,Jade,404-769-2713
1957,12,Colón,Emiliano,205-910-5621
1958,13,Rosales,Malik,251-100-6500
1959,26,Potts,Aria,386-744-8691
1960,15,Jacobson,Ariah,334-111-7611
1960,17,Jacobson,Ariah,334-111-7611
1961,2,Beasley,Teagan,337-595-5598
1962,10,Pollard,Sebastian,336-406-1497
1963,5,Stanley,Malia,770-975-4900
1964,16,Aguirre,Baylor,337-715-7765
1965,7,Thompson,Kayden,843-808-2018
1966,14,Boone,Rose,225-433-8120
1967,15,Barrera,Christian,205-793-8296
1967,17,Barrera,Christian,205-793-8296
1968,15,Hoffman,Nicolas,407-292-9864
1968,17,Hoffman,Nicolas,407-292-9864
1969,1,Morrison,Caiden,337-574-8304
1970,4,Crawford,Dallas,704-105-6575
1971,19,Gomez,Sawyer,706-167-5545
1972,7,Frederick,Oakley,864-675-1642
1973,7,Correa,Kaiden,803-338-4493
1974,6,Raymond,Declan,803-978-3463
1975,12,Portillo,Reed,334-143-6880
1976,27,Swanson,Carolina,754-707-7184
1977,21,Craig,Ayden,305-328-2428
1978,8,Nolan,Skylar,843-808-7632
1979,23,Noble,Josephine,864-188-6246
1980,20,Dawson,Sage,770-173-5453
1981,7,Hunt,Bryce,864-466-9086
1982,11,Horn,Ivy,252-172-5317
1983,20,Kelly,Kayson,770-149-4930
1984,16,Washington,Savannah,337-445-8369
1985,23,Kennedy,Georgia,854-934-3464
1986,14,Avalos,Alan,225-662-8342
1987,16,Adams,Valerie,225-584-6493
1988,25,Brock,Helen,678-657-8302
1989,18,Allen,Alan,336-261-1545
1990,3,Rodriguez,Itzel,470-470-9416
1991,23,Holt,Jimena,864-899-5596
1992,18,Nash,Alyssa,252-975-9641
1993,24,Miles,Declan,727-216-8494
1994,2,Skinner,Gideon,225-830-2725
1995,15,Zamora,Celine,727-232-8605
1995,17,Zamora,Celine,727-232-8605
1996,18,Drake,Jimena,704-874-3135
1997,10,Bennett,Emma,336-884-5489
1998,21,Kane,Fatima,321-662-4259
1999,14,Dawson,Alyssa,504-176-9558
2000,15,Bonilla,Melanie,256-440-1360
2000,17,Bonilla,Melanie,256-440-1360
2001,7,Winters,Holden,854-369-1299
2002,10,Jensen,Haven,336-921-5683
2003,23,Pollard,Zander,854-704-3346
2004,7,Krueger,Aisha,854-687-2498
2005,14,Stokes,Maddox,318-578-2372
2006,14,Sims,Cooper,318-561-8655
2007,19,Jensen,Trinity,762-995-3771
2008,12,Castillo,Rosalie,251-517-2647
2009,4,Lewis,Frank,336-128-3700
2010,14,Doyle,Messiah,504-999-3264
2011,16,Becker,Owen,225-275-8649
2012,2,Adams,Luke,225-715-5308
2013,15,Fletcher,Kendrick,205-513-3793
2013,17,Fletcher,Kendrick,205-513-3793
2014,25,Stephenson,Amari,404-520-9745
2015,8,Hodges,Cade,864-891-2016
2016,4,Hopkins,Serenity,704-687-8725
2017,10,Parks,Leonardo,336-524-8311
2018,5,Kennedy,Serenity,770-646-9402
2019,24,Russo,Payton,352-610-7377
2020,7,Case,Atticus,803-739-8470
2021,4,Graham,Zyaire,252-869-6952
2022,5,Ball,Myles,229-525-9460
2023,27,Moore,Liliana,727-991-4117
2024,15,Schroeder,Gianna,256-892-7538
2024,17,Schroeder,Gianna,256-892-7538
2025,1,Browning,Robert,225-453-2888
2026,2,Hahn,Nadia,504-383-4934
2027,8,Curtis,Claire,864-224-4618
2028,3,Brennan,Alison,770-382-1936
2029,1,Osborne,Salem,318-920-9275
2030,19,Sandoval,Brooklynn,762-493-1644
2031,25,Gibson,Charlee,470-770-6323
2032,16,Rowland,Sophia,337-705-8366
2033,13,Bonilla,Sullivan,256-832-1727
2034,12,Gonzalez,Callie,256-422-9440
2035,2,Piñeda,Sullivan,318-165-5021
2036,6,Duffy,Hannah,803-769-4449
2037,15,Lang,Gracelynn,251-140-3520
2037,17,Lang,Gracelynn,251-140-3520
2038,18,Daugherty,Maria,336-950-5910
2039,14,Jacobson,Cataleya,504-389-9049
2040,23,Guevara,Princeton,864-464-7323
2041,20,Dominguez,Justin,229-967-1056
2042,18,Maynard,Tatum,704-606-6222
2043,12,Dillon,Jaxton,251-565-3682
2044,9,Cooper,Makenna,251-279-2990
2045,27,O’Brien,Donovan,386-611-9525
2046,15,Medina,Reese,305-779-6826
2046,17,Medina,Reese,305-779-6826
2047,18,Hutchinson,Renata,252-552-4236
2048,23,Rice,Millie,864-450-5532
2049,21,Espinosa,Harlow,386-463-2963
2050,4,Harmon,Camille,336-532-6004
2051,18,Lamb,Gracie,252-575-2642
2052,25,Truong,Lia,678-347-3394
2053,15,Walters,Franklin,256-630-3816
2053,17,Walters,Franklin,256-630-3816
2054,14,Farrell,Raelynn,225-410-1016
2055,23,Hurst,Kali,854-739-2778
2056,8,Frost,Kyler,854-315-1418
2057,20,Perez,Avery,470-446-9170
2058,6,Ruiz,Alayah,864-462-6542
2059,16,Kerr,Adelaide,318-507-3365
2060,16,Nash,Hallie,337-232-4260
2061,2,Fleming,Elaine,225-368-9666
2062,15,Johnson,Ronan,205-448-6136
2062,17,Johnson,Ronan,205-448-6136
2063,20,Dean,Aurora,770-410-4942
2064,25,Kerr,Garrett,678-104-2772
2065,10,Garrett,Ricardo,336-217-2564
2066,8,Leon,Gunner,864-578-3367
2067,22,Mcconnell,Lilah,321-452-1285
2068,12,Webster,Sylas,334-557-1557
2069,9,Porter,Lyla,938-716-3682
2070,3,Robinson,Walter,470-114-7085
2071,8,Ho,Sawyer,854-454-2337
2072,15,Mcbride,Kane,256-964-5326
2072,17,Mcbride,Kane,256-964-5326
2073,10,Burgess,Everleigh,252-581-9808
2074,12,Harrell,Felix,251-765-5495
2075,24,Burgess,Bryson,561-900-9522
2076,2,Marshall,Cole,504-975-8372
2077,12,Sanford,Caroline,334-375-3400
2078,12,Cunningham,Judah,334-742-5377
2079,9,Price,Amari,938-454-4882
2080,25,Tucker,Jaylen,762-387-2875
2081,24,Harris,Greyson,727-433-1455
2082,4,Bates,Grayson,336-833-4421
2083,14,Pope,Rose,504-290-9093
2084,11,Savage,Marlee,704-728-7300
2085,15,Rogers,Phoebe,205-884-5892
2085,17,Rogers,Phoebe,205-884-5892
2086,10,Huerta,Liliana,704-811-8058
2087,14,Webster,Annabelle,504-948-9276
2088,25,Peck,Sophie,470-409-7720
2089,15,Wilkinson,Javier,352-148-2153
2089,17,Wilkinson,Javier,352-148-2153
2090,24,Welch,Timothy,305-481-4287
1588,5,Vega,Blake,678-878-1111
2091,14,Moran,Bentley,504-933-2854
2092,15,Mayo,Octavia,321-173-1266
2092,17,Mayo,Octavia,321-173-1266
2093,18,Cortéz,Gael,336-796-1274
2094,15,Solis,Catalina,205-255-5830
2094,17,Solis,Catalina,205-255-5830
2095,18,Bravo,Dahlia,252-940-1389
2096,7,Bernal,Finley,854-683-3326
2097,14,Klein,Nash,337-293-4366
2098,1,Norman,Stephanie,504-982-4959
2099,16,Cisneros,Sabrina,225-531-7269
2100,3,Serrano,Laura,229-859-3953
2101,4,Thornton,Augustus,336-341-5764
2102,27,Burns,Russell,727-624-3637
2103,19,Atkins,Joel,762-616-7931
2104,23,Williams,Sutton,843-491-2155
2105,19,Parra,Remington,470-235-3276
2106,11,Stone,Isabel,252-265-4604
2107,10,Best,Francesca,336-843-8930
2108,12,Eaton,Violet,251-330-6221
2109,27,Martinez,Journee,727-756-2329
2110,8,Carson,Marley,854-413-6377
2111,24,Hill,Valentina,305-235-9132
2112,7,Gordon,Jett,843-626-1523
2113,16,Hobbs,Adalyn,225-282-9277
2114,4,Nguyen,Joshua,336-486-6528
2115,18,Kaur,Martin,336-233-7605
2116,16,Atkinson,Jose,337-604-7266
2117,1,Knapp,Kendrick,225-301-6029
2118,19,Ventura,Haven,762-250-4661
2119,23,Combs,Raphael,843-615-3390
2120,27,Truong,Zoey,727-913-3197
2121,2,Klein,Brody,337-416-6146
2122,10,House,Willow,336-834-4054
2123,3,Vargas,Zayden,770-902-1218
2124,15,Bentley,Royalty,334-603-3203
2124,17,Bentley,Royalty,334-603-3203
2125,21,Mcdonald,Adrian,305-526-8012
2126,11,Leblanc,Quinn,252-330-4229
2127,15,Sutton,Zayn,305-254-6025
2127,17,Sutton,Zayn,305-254-6025
2128,14,Bishop,Marley,337-215-9603
2129,5,Holt,Aspen,762-760-9530
2130,1,Mack,Stevie,318-338-3374
2131,18,Chung,Remi,704-307-4000
2132,23,Nixon,Eleanor,843-113-2976
2133,12,Travis,Sawyer,334-363-3972
2134,18,Calhoun,Aubree,252-590-8024
2135,14,Frank,Collin,504-503-3201
2136,3,Cabrera,Kira,678-527-8027
2137,4,Reynolds,Alayna,704-449-3485
2138,7,Thornton,Luis,864-970-2343
2139,15,Willis,Sabrina,352-957-2601
2139,17,Willis,Sabrina,352-957-2601
2140,15,Crosby,Jasper,407-332-2793
2140,17,Crosby,Jasper,407-332-2793
2141,24,Marsh,Aubrey,407-101-8664
2142,4,Whitaker,Charlotte,704-830-6764
2143,2,Raymond,Abel,504-870-9737
2144,7,Arias,Everett,843-698-7334
2145,5,Morrison,Esme,404-399-2049
2146,3,Jefferson,Delaney,470-219-1261
2147,10,Ellis,Callan,336-987-2732
2148,9,Kirby,Griffin,205-787-9018
2149,3,Burns,Danielle,706-762-2637
2150,22,West,Kashton,386-792-1645
2151,1,Mueller,Poppy,337-263-8604
2152,14,Mann,Cody,337-944-8614
2153,12,Simmons,Emiliano,334-662-3834
2154,23,Bennett,Joy,803-348-5253
2155,27,Saunders,Millie,386-414-6797
2156,12,Duffy,Warren,251-142-1717
2157,12,Davila,Spencer,256-698-1211
2158,16,Cooper,Tristan,225-521-5102
2159,5,Barrett,Sawyer,478-561-9701
2160,14,Drake,Mckenzie,337-646-3689
2161,19,Crawford,Ryker,762-901-5513
2162,21,Khan,Frances,386-944-7842
2163,18,Greer,Armani,252-478-2584
2164,23,Caldwell,Aylin,843-470-4578
2165,22,Fernandez,Dax,407-465-4243
2166,3,Brown,Catherine,478-292-2264
2167,23,Maldonado,Beckett,843-303-2625
2168,16,Greene,Muhammad,337-701-9708
2169,20,Hampton,Angelina,404-997-1783
2170,26,Mckenzie,Ivan,407-517-1214
2171,16,Muñoz,Carmen,318-290-1569
2172,6,Cantrell,Myles,854-991-3122
2173,6,Curtis,Blake,854-121-4061
2174,14,Molina,Cole,318-103-8819
2175,1,Hughes,Kenneth,337-494-7911
2176,11,Weiss,Fatima,704-259-1685
2177,21,Dean,Maddox,561-270-6550
2178,19,Gutierrez,Joshua,770-921-5878
2179,15,Briggs,Andy,561-375-9865
2179,17,Briggs,Andy,561-375-9865
2180,9,Pierce,Connor,256-225-8951
2181,19,Boyd,Evangeline,770-383-1221
2182,14,Arellano,Aubrey,318-154-2342
2183,14,Moses,Gabriella,504-239-8410
2184,12,Luna,Wyatt,251-402-6741
2185,1,Clayton,Camille,337-411-2526
2186,8,Esparza,Connor,854-474-9921
2187,9,Cordova,Garrett,251-266-5682
2188,8,Duncan,Erick,854-437-6926
2189,12,Kirk,Tobias,251-458-3648
2190,15,Floyd,Colin,407-757-8760
2190,17,Floyd,Colin,407-757-8760
2191,23,Rojas,Eliza,864-799-8967
2192,18,Singh,Elise,252-785-7026
2193,27,Best,Allison,727-222-3747
2194,16,Ferguson,Manuel,225-292-9484
2195,15,Sanford,Rosie,334-933-8910
2195,17,Sanford,Rosie,334-933-8910
2196,3,Dunn,Finley,478-824-8809
2197,24,Kelley,Aurora,727-756-2319
2198,19,Livingston,Dominic,770-802-7098
2199,7,Bailey,Kevin,843-781-5135
2200,25,Gardner,Karson,762-340-6901
2201,23,Frost,Winter,854-873-4616
2202,20,Palacios,Vivian,706-115-7152
2203,20,Melton,Kyle,762-268-6952
2204,13,Suarez,Kate,938-935-2522
2205,11,Merritt,Ezra,704-484-1065
2206,15,Hodge,River,352-306-5880
2206,17,Hodge,River,352-306-5880
2207,15,Clay,Lennox,407-648-3449
2207,17,Clay,Lennox,407-648-3449
2208,15,Knapp,Uriel,754-410-9607
2208,17,Knapp,Uriel,754-410-9607
2209,10,Sexton,Stella,336-630-4108
2210,12,Luna,Sebastian,205-107-3912
2211,1,Kirby,Sarai,225-683-3688
2212,15,Daugherty,Aaliyah,256-722-2525
2212,17,Daugherty,Aaliyah,256-722-2525
2213,12,Armstrong,King,205-525-7779
2214,16,Frost,Jordan,318-645-9108
2215,20,Rhodes,Angelo,678-604-9834
2216,21,Lucas,Ruth,352-295-9874
2217,11,Rice,Zayne,252-716-5451
2218,21,Zuniga,Miracle,321-605-6217
2219,12,Clements,Blair,938-561-5776
2220,7,Butler,Natalie,803-455-8424
2221,7,Patel,Elian,854-600-4543
2222,6,Gonzalez,Sterling,864-480-4741
2223,23,Holmes,Bentley,864-475-1456
2224,25,Sims,Frederick,470-164-6797
2225,3,Shields,Elliot,706-506-4291
2226,7,Green,Ezra,843-395-9051
2227,1,Robbins,Crew,318-125-1831
2228,25,Salinas,Willow,404-248-4929
2229,1,Bond,Malachi,318-485-3209
2230,2,Willis,Patrick,337-795-4890
2231,11,Compton,Dallas,704-863-4035
